<server description="Liberty Server">
  <!-- tag::featureManager[] -->
  <featureManager>
      <feature>restfulWS-3.1</feature>
      <feature>jsonb-3.0</feature>
      <feature>jsonp-2.1</feature>
      <feature>transportSecurity-1.0</feature>
  </featureManager>
  <!-- end::featureManager[] -->

  <!-- tag::httpEndpoint[] -->
  <httpEndpoint httpPort="${default.http.port}" httpsPort="${default.https.port}"
                id="defaultHttpEndpoint" host="*" />
  <!-- end::httpEndpoint[] -->
  <keyStore id="defaultKeyStore" location="server-cert.p12" password="andrewj" type="PKCS12"/>
  <!-- tag::webApplication[] -->
  <webApplication location="LibertyServer.war" contextRoot="${app.context.root}"/>
  <!-- end::webApplication[] -->
</server>
